stride_lines	stride_bytes	train_step	avg_ns
1	64	1	228
1	64	2	200
1	64	3	160
1	64	4	76
1	64	5	72
1	64	6	115
1	64	7	73
1	64	8	69
1	64	9	74
1	64	10	71
1	64	11	73
1	64	12	79
1	64	13	73
1	64	14	76
1	64	15	72
1	64	16	76
1	64	17	73
1	64	18	73
1	64	19	76
1	64	20	75
1	64	21	75
1	64	22	76
1	64	23	72
1	64	24	72
1	64	25	73
1	64	26	75
1	64	27	72
1	64	28	74
1	64	29	72
1	64	30	70
1	64	31	76
1	64	32	73
1	64	33	75
1	64	34	76
1	64	35	74
1	64	36	76
1	64	37	72
1	64	38	79
1	64	39	71
1	64	40	75
2	128	1	195
2	128	2	204
2	128	3	192
2	128	4	153
2	128	5	123
2	128	6	80
2	128	7	74
2	128	8	73
2	128	9	73
2	128	10	70
2	128	11	71
2	128	12	73
2	128	13	70
2	128	14	71
2	128	15	73
2	128	16	71
2	128	17	73
2	128	18	76
2	128	19	73
2	128	20	70
2	128	21	73
2	128	22	74
2	128	23	71
2	128	24	73
2	128	25	74
2	128	26	70
2	128	27	76
2	128	28	74
2	128	29	200
2	128	30	73
2	128	31	77
2	128	32	208
2	128	33	200
2	128	34	196
2	128	35	166
2	128	36	133
2	128	37	132
2	128	38	79
2	128	39	217
2	128	40	67
3	192	1	208
3	192	2	203
3	192	3	196
3	192	4	169
3	192	5	128
3	192	6	74
3	192	7	72
3	192	8	76
3	192	9	72
3	192	10	75
3	192	11	75
3	192	12	74
3	192	13	73
3	192	14	76
3	192	15	73
3	192	16	73
3	192	17	77
3	192	18	71
3	192	19	76
3	192	20	74
3	192	21	69
3	192	22	205
3	192	23	208
3	192	24	203
3	192	25	176
3	192	26	135
3	192	27	143
3	192	28	70
3	192	29	76
3	192	30	71
3	192	31	72
3	192	32	73
3	192	33	76
3	192	34	72
3	192	35	80
3	192	36	75
3	192	37	74
3	192	38	74
3	192	39	70
3	192	40	75
4	256	1	207
4	256	2	205
4	256	3	193
4	256	4	163
4	256	5	129
4	256	6	76
4	256	7	69
4	256	8	73
4	256	9	73
4	256	10	73
4	256	11	75
4	256	12	74
4	256	13	73
4	256	14	76
4	256	15	73
4	256	16	208
4	256	17	206
4	256	18	197
4	256	19	146
4	256	20	142
4	256	21	144
4	256	22	71
4	256	23	75
4	256	24	72
4	256	25	70
4	256	26	71
4	256	27	73
4	256	28	76
4	256	29	76
4	256	30	73
4	256	31	73
4	256	32	202
4	256	33	206
4	256	34	182
4	256	35	156
4	256	36	137
4	256	37	136
4	256	38	76
4	256	39	75
4	256	40	73
5	320	1	209
5	320	2	199
5	320	3	193
5	320	4	158
5	320	5	171
5	320	6	79
5	320	7	75
5	320	8	76
5	320	9	73
5	320	10	73
5	320	11	72
5	320	12	75
5	320	13	202
5	320	14	202
5	320	15	200
5	320	16	192
5	320	17	132
5	320	18	150
5	320	19	73
5	320	20	72
5	320	21	76
5	320	22	72
5	320	23	75
5	320	24	75
5	320	25	75
5	320	26	203
5	320	27	208
5	320	28	198
5	320	29	197
5	320	30	140
5	320	31	150
5	320	32	76
5	320	33	74
5	320	34	75
5	320	35	73
5	320	36	75
5	320	37	76
5	320	38	75
5	320	39	205
5	320	40	200
6	384	1	206
6	384	2	201
6	384	3	196
6	384	4	200
6	384	5	128
6	384	6	71
6	384	7	72
6	384	8	75
6	384	9	69
6	384	10	75
6	384	11	213
6	384	12	199
6	384	13	205
6	384	14	180
6	384	15	159
6	384	16	181
6	384	17	79
6	384	18	73
6	384	19	73
6	384	20	72
6	384	21	74
6	384	22	208
6	384	23	194
6	384	24	200
6	384	25	185
6	384	26	146
6	384	27	179
6	384	28	73
6	384	29	71
6	384	30	73
6	384	31	72
6	384	32	196
6	384	33	211
6	384	34	200
6	384	35	182
6	384	36	164
6	384	37	165
6	384	38	72
6	384	39	75
6	384	40	75
7	448	1	206
7	448	2	196
7	448	3	206
7	448	4	153
7	448	5	126
7	448	6	74
7	448	7	76
7	448	8	75
7	448	9	73
7	448	10	211
7	448	11	202
7	448	12	201
7	448	13	197
7	448	14	150
7	448	15	146
7	448	16	77
7	448	17	74
7	448	18	73
7	448	19	206
7	448	20	197
7	448	21	196
7	448	22	175
7	448	23	158
7	448	24	150
7	448	25	76
7	448	26	73
7	448	27	72
7	448	28	196
7	448	29	196
7	448	30	196
7	448	31	178
7	448	32	145
7	448	33	160
7	448	34	83
7	448	35	75
7	448	36	73
7	448	37	203
7	448	38	203
7	448	39	197
7	448	40	187
8	512	1	196
8	512	2	199
8	512	3	193
8	512	4	138
8	512	5	135
8	512	6	73
8	512	7	77
8	512	8	202
8	512	9	339
8	512	10	196
8	512	11	135
8	512	12	152
8	512	13	180
8	512	14	77
8	512	15	76
8	512	16	205
8	512	17	204
8	512	18	190
8	512	19	133
8	512	20	150
8	512	21	167
8	512	22	71
8	512	23	73
8	512	24	197
8	512	25	196
8	512	26	405
8	512	27	140
8	512	28	150
8	512	29	176
8	512	30	76
8	512	31	76
8	512	32	207
8	512	33	193
8	512	34	192
8	512	35	133
8	512	36	148
8	512	37	176
8	512	38	75
8	512	39	71
8	512	40	202
9	576	1	191
9	576	2	193
9	576	3	198
9	576	4	188
9	576	5	122
9	576	6	73
9	576	7	71
9	576	8	197
9	576	9	201
9	576	10	207
9	576	11	156
9	576	12	156
9	576	13	195
9	576	14	75
9	576	15	209
9	576	16	201
9	576	17	202
9	576	18	155
9	576	19	152
9	576	20	192
9	576	21	75
9	576	22	198
9	576	23	202
9	576	24	205
9	576	25	163
9	576	26	152
9	576	27	184
9	576	28	76
9	576	29	205
9	576	30	198
9	576	31	204
9	576	32	166
9	576	33	149
9	576	34	194
9	576	35	73
9	576	36	207
9	576	37	200
9	576	38	205
9	576	39	160
9	576	40	154
10	640	1	196
10	640	2	210
10	640	3	192
10	640	4	166
10	640	5	131
10	640	6	74
10	640	7	214
10	640	8	203
10	640	9	195
10	640	10	153
10	640	11	157
10	640	12	179
10	640	13	198
10	640	14	199
10	640	15	203
10	640	16	151
10	640	17	151
10	640	18	204
10	640	19	73
10	640	20	203
10	640	21	203
10	640	22	200
10	640	23	158
10	640	24	150
10	640	25	181
10	640	26	204
10	640	27	198
10	640	28	193
10	640	29	150
10	640	30	152
10	640	31	198
10	640	32	196
10	640	33	203
10	640	34	201
10	640	35	149
10	640	36	153
10	640	37	194
10	640	38	73
10	640	39	208
10	640	40	198
11	704	1	203
11	704	2	203
11	704	3	201
11	704	4	159
11	704	5	123
11	704	6	202
11	704	7	192
11	704	8	200
11	704	9	160
11	704	10	159
11	704	11	177
11	704	12	208
11	704	13	199
11	704	14	202
11	704	15	163
11	704	16	156
11	704	17	197
11	704	18	205
11	704	19	202
11	704	20	197
11	704	21	160
11	704	22	154
11	704	23	193
11	704	24	203
11	704	25	200
11	704	26	196
11	704	27	153
11	704	28	156
11	704	29	186
11	704	30	200
11	704	31	198
11	704	32	193
11	704	33	152
11	704	34	157
11	704	35	200
11	704	36	196
11	704	37	203
11	704	38	160
11	704	39	187
11	704	40	76
12	768	1	198
12	768	2	197
12	768	3	208
12	768	4	166
12	768	5	129
12	768	6	198
12	768	7	207
12	768	8	196
12	768	9	150
12	768	10	189
12	768	11	205
12	768	12	329
12	768	13	146
12	768	14	180
12	768	15	195
12	768	16	195
12	768	17	197
12	768	18	189
12	768	19	157
12	768	20	196
12	768	21	191
12	768	22	199
12	768	23	208
12	768	24	189
12	768	25	143
12	768	26	185
12	768	27	206
12	768	28	194
12	768	29	143
12	768	30	203
12	768	31	186
12	768	32	199
12	768	33	196
12	768	34	191
12	768	35	153
12	768	36	189
12	768	37	183
12	768	38	203
12	768	39	209
12	768	40	178
13	832	1	196
13	832	2	196
13	832	3	209
13	832	4	184
13	832	5	197
13	832	6	192
13	832	7	199
13	832	8	157
13	832	9	159
13	832	10	196
13	832	11	194
13	832	12	205
13	832	13	149
13	832	14	193
13	832	15	203
13	832	16	196
13	832	17	200
13	832	18	155
13	832	19	154
13	832	20	212
13	832	21	203
13	832	22	195
13	832	23	153
13	832	24	176
13	832	25	210
13	832	26	193
13	832	27	197
13	832	28	160
13	832	29	281
13	832	30	206
13	832	31	198
13	832	32	202
13	832	33	158
13	832	34	177
13	832	35	206
13	832	36	208
13	832	37	199
13	832	38	158
13	832	39	160
13	832	40	196
14	896	1	196
14	896	2	200
14	896	3	197
14	896	4	187
14	896	5	209
14	896	6	211
14	896	7	200
14	896	8	157
14	896	9	155
14	896	10	205
14	896	11	200
14	896	12	197
14	896	13	165
14	896	14	209
14	896	15	200
14	896	16	191
14	896	17	161
14	896	18	166
14	896	19	195
14	896	20	197
14	896	21	184
14	896	22	158
14	896	23	196
14	896	24	206
14	896	25	174
14	896	26	150
14	896	27	143
14	896	28	206
14	896	29	203
14	896	30	176
14	896	31	151
14	896	32	203
14	896	33	202
14	896	34	184
14	896	35	146
14	896	36	154
14	896	37	203
14	896	38	203
14	896	39	188
14	896	40	149
15	960	1	200
15	960	2	191
15	960	3	200
15	960	4	163
15	960	5	200
15	960	6	200
15	960	7	199
15	960	8	175
15	960	9	209
15	960	10	201
15	960	11	203
15	960	12	173
15	960	13	200
15	960	14	199
15	960	15	199
15	960	16	189
15	960	17	189
15	960	18	204
15	960	19	195
15	960	20	192
15	960	21	146
15	960	22	205
15	960	23	197
15	960	24	183
15	960	25	143
15	960	26	209
15	960	27	203
15	960	28	203
15	960	29	184
15	960	30	202
15	960	31	200
15	960	32	186
15	960	33	146
15	960	34	172
15	960	35	200
15	960	36	196
15	960	37	178
15	960	38	163
15	960	39	207
15	960	40	205
16	1024	1	202
16	1024	2	206
16	1024	3	198
16	1024	4	200
16	1024	5	205
16	1024	6	200
16	1024	7	199
16	1024	8	198
16	1024	9	201
16	1024	10	198
16	1024	11	201
16	1024	12	202
16	1024	13	203
16	1024	14	193
16	1024	15	201
16	1024	16	206
16	1024	17	209
16	1024	18	204
16	1024	19	199
16	1024	20	206
16	1024	21	196
16	1024	22	193
16	1024	23	206
16	1024	24	197
16	1024	25	200
16	1024	26	200
16	1024	27	200
16	1024	28	203
16	1024	29	207
16	1024	30	200
16	1024	31	194
16	1024	32	199
16	1024	33	204
16	1024	34	196
16	1024	35	204
16	1024	36	206
16	1024	37	200
16	1024	38	197
16	1024	39	197
16	1024	40	200
17	1088	1	195
17	1088	2	204
17	1088	3	210
17	1088	4	209
17	1088	5	201
17	1088	6	206
17	1088	7	198
17	1088	8	202
17	1088	9	196
17	1088	10	202
17	1088	11	199
17	1088	12	196
17	1088	13	199
17	1088	14	192
17	1088	15	205
17	1088	16	213
17	1088	17	199
17	1088	18	197
17	1088	19	203
17	1088	20	198
17	1088	21	210
17	1088	22	208
17	1088	23	208
17	1088	24	197
17	1088	25	200
17	1088	26	192
17	1088	27	200
17	1088	28	195
17	1088	29	206
17	1088	30	203
17	1088	31	199
17	1088	32	307
17	1088	33	203
17	1088	34	196
17	1088	35	199
17	1088	36	203
17	1088	37	207
17	1088	38	204
17	1088	39	198
17	1088	40	195
18	1152	1	207
18	1152	2	196
18	1152	3	203
18	1152	4	204
18	1152	5	198
18	1152	6	200
18	1152	7	195
18	1152	8	200
18	1152	9	199
18	1152	10	204
18	1152	11	199
18	1152	12	200
18	1152	13	201
18	1152	14	194
18	1152	15	197
18	1152	16	203
18	1152	17	203
18	1152	18	210
18	1152	19	216
18	1152	20	200
18	1152	21	196
18	1152	22	203
18	1152	23	194
18	1152	24	199
18	1152	25	196
18	1152	26	205
18	1152	27	203
18	1152	28	198
18	1152	29	200
18	1152	30	210
18	1152	31	200
18	1152	32	208
18	1152	33	197
18	1152	34	200
18	1152	35	203
18	1152	36	197
18	1152	37	194
18	1152	38	200
18	1152	39	200
18	1152	40	199
19	1216	1	206
19	1216	2	201
19	1216	3	195
19	1216	4	196
19	1216	5	194
19	1216	6	203
19	1216	7	207
19	1216	8	196
19	1216	9	199
19	1216	10	192
19	1216	11	208
19	1216	12	198
19	1216	13	206
19	1216	14	200
19	1216	15	200
19	1216	16	202
19	1216	17	193
19	1216	18	213
19	1216	19	196
19	1216	20	334
19	1216	21	200
19	1216	22	206
19	1216	23	206
19	1216	24	200
19	1216	25	192
19	1216	26	201
19	1216	27	198
19	1216	28	203
19	1216	29	201
19	1216	30	197
19	1216	31	190
19	1216	32	201
19	1216	33	199
19	1216	34	206
19	1216	35	203
19	1216	36	208
19	1216	37	196
19	1216	38	203
19	1216	39	203
19	1216	40	190
20	1280	1	206
20	1280	2	199
20	1280	3	194
20	1280	4	200
20	1280	5	209
20	1280	6	195
20	1280	7	205
20	1280	8	203
20	1280	9	203
20	1280	10	197
20	1280	11	203
20	1280	12	196
20	1280	13	210
20	1280	14	196
20	1280	15	195
20	1280	16	197
20	1280	17	211
20	1280	18	200
20	1280	19	198
20	1280	20	205
20	1280	21	210
20	1280	22	196
20	1280	23	194
20	1280	24	204
20	1280	25	203
20	1280	26	202
20	1280	27	196
20	1280	28	199
20	1280	29	213
20	1280	30	199
20	1280	31	202
20	1280	32	203
20	1280	33	201
20	1280	34	196
20	1280	35	200
20	1280	36	206
20	1280	37	209
20	1280	38	197
20	1280	39	199
20	1280	40	200
21	1344	1	205
21	1344	2	203
21	1344	3	200
21	1344	4	210
21	1344	5	196
21	1344	6	199
21	1344	7	204
21	1344	8	194
21	1344	9	199
21	1344	10	194
21	1344	11	200
21	1344	12	193
21	1344	13	199
21	1344	14	200
21	1344	15	196
21	1344	16	206
21	1344	17	205
21	1344	18	195
21	1344	19	200
21	1344	20	200
21	1344	21	196
21	1344	22	203
21	1344	23	193
21	1344	24	193
21	1344	25	208
21	1344	26	199
21	1344	27	201
21	1344	28	209
21	1344	29	206
21	1344	30	204
21	1344	31	200
21	1344	32	202
21	1344	33	199
21	1344	34	198
21	1344	35	206
21	1344	36	207
21	1344	37	197
21	1344	38	204
21	1344	39	199
21	1344	40	201
22	1408	1	205
22	1408	2	195
22	1408	3	201
22	1408	4	193
22	1408	5	199
22	1408	6	212
22	1408	7	205
22	1408	8	196
22	1408	9	198
22	1408	10	206
22	1408	11	200
22	1408	12	202
22	1408	13	197
22	1408	14	203
22	1408	15	201
22	1408	16	199
22	1408	17	204
22	1408	18	201
22	1408	19	193
22	1408	20	199
22	1408	21	193
22	1408	22	206
22	1408	23	197
22	1408	24	199
22	1408	25	202
22	1408	26	196
22	1408	27	200
22	1408	28	195
22	1408	29	206
22	1408	30	204
22	1408	31	194
22	1408	32	197
22	1408	33	216
22	1408	34	200
22	1408	35	204
22	1408	36	195
22	1408	37	204
22	1408	38	209
22	1408	39	199
22	1408	40	198
23	1472	1	199
23	1472	2	198
23	1472	3	199
23	1472	4	200
23	1472	5	196
23	1472	6	195
23	1472	7	210
23	1472	8	200
23	1472	9	199
23	1472	10	206
23	1472	11	193
23	1472	12	200
23	1472	13	196
23	1472	14	203
23	1472	15	199
23	1472	16	206
23	1472	17	211
23	1472	18	200
23	1472	19	203
23	1472	20	195
23	1472	21	197
23	1472	22	206
23	1472	23	200
23	1472	24	199
23	1472	25	196
23	1472	26	212
23	1472	27	200
23	1472	28	207
23	1472	29	196
23	1472	30	201
23	1472	31	199
23	1472	32	201
23	1472	33	203
23	1472	34	202
23	1472	35	205
23	1472	36	197
23	1472	37	198
23	1472	38	200
23	1472	39	196
23	1472	40	199
24	1536	1	197
24	1536	2	192
24	1536	3	199
24	1536	4	203
24	1536	5	193
24	1536	6	198
24	1536	7	200
24	1536	8	201
24	1536	9	199
24	1536	10	202
24	1536	11	204
24	1536	12	198
24	1536	13	198
24	1536	14	197
24	1536	15	199
24	1536	16	198
24	1536	17	196
24	1536	18	196
24	1536	19	199
24	1536	20	196
24	1536	21	206
24	1536	22	200
24	1536	23	196
24	1536	24	197
24	1536	25	198
24	1536	26	207
24	1536	27	202
24	1536	28	199
24	1536	29	196
24	1536	30	201
24	1536	31	193
24	1536	32	199
24	1536	33	197
24	1536	34	203
24	1536	35	206
24	1536	36	202
24	1536	37	199
24	1536	38	209
24	1536	39	202
24	1536	40	198
25	1600	1	203
25	1600	2	202
25	1600	3	197
25	1600	4	200
25	1600	5	199
25	1600	6	213
25	1600	7	206
25	1600	8	199
25	1600	9	196
25	1600	10	194
25	1600	11	206
25	1600	12	203
25	1600	13	204
25	1600	14	196
25	1600	15	207
25	1600	16	201
25	1600	17	193
25	1600	18	201
25	1600	19	197
25	1600	20	200
25	1600	21	201
25	1600	22	201
25	1600	23	205
25	1600	24	196
25	1600	25	209
25	1600	26	203
25	1600	27	203
25	1600	28	201
25	1600	29	202
25	1600	30	205
25	1600	31	200
25	1600	32	196
25	1600	33	204
25	1600	34	203
25	1600	35	192
25	1600	36	203
25	1600	37	198
25	1600	38	208
25	1600	39	201
25	1600	40	201
26	1664	1	197
26	1664	2	202
26	1664	3	196
26	1664	4	197
26	1664	5	199
26	1664	6	200
26	1664	7	216
26	1664	8	197
26	1664	9	195
26	1664	10	211
26	1664	11	192
26	1664	12	195
26	1664	13	205
26	1664	14	196
26	1664	15	210
26	1664	16	197
26	1664	17	194
26	1664	18	207
26	1664	19	199
26	1664	20	198
26	1664	21	199
26	1664	22	198
26	1664	23	203
26	1664	24	197
26	1664	25	196
26	1664	26	203
26	1664	27	193
26	1664	28	199
26	1664	29	199
26	1664	30	193
26	1664	31	212
26	1664	32	202
26	1664	33	200
26	1664	34	205
26	1664	35	203
26	1664	36	197
26	1664	37	206
26	1664	38	202
26	1664	39	207
26	1664	40	207
27	1728	1	195
27	1728	2	213
27	1728	3	202
27	1728	4	196
27	1728	5	204
27	1728	6	203
27	1728	7	202
27	1728	8	195
27	1728	9	200
27	1728	10	200
27	1728	11	192
27	1728	12	210
27	1728	13	201
27	1728	14	201
27	1728	15	208
27	1728	16	197
27	1728	17	202
27	1728	18	203
27	1728	19	201
27	1728	20	202
27	1728	21	209
27	1728	22	200
27	1728	23	196
27	1728	24	198
27	1728	25	196
27	1728	26	204
27	1728	27	202
27	1728	28	203
27	1728	29	199
27	1728	30	199
27	1728	31	206
27	1728	32	207
27	1728	33	201
27	1728	34	201
27	1728	35	205
27	1728	36	200
27	1728	37	209
27	1728	38	202
27	1728	39	202
27	1728	40	196
28	1792	1	205
28	1792	2	199
28	1792	3	209
28	1792	4	202
28	1792	5	196
28	1792	6	197
28	1792	7	199
28	1792	8	202
28	1792	9	204
28	1792	10	198
28	1792	11	209
28	1792	12	201
28	1792	13	189
28	1792	14	196
28	1792	15	203
28	1792	16	204
28	1792	17	196
28	1792	18	200
28	1792	19	203
28	1792	20	196
28	1792	21	201
28	1792	22	198
28	1792	23	207
28	1792	24	203
28	1792	25	195
28	1792	26	202
28	1792	27	204
28	1792	28	203
28	1792	29	193
28	1792	30	195
28	1792	31	206
28	1792	32	199
28	1792	33	197
28	1792	34	203
28	1792	35	208
28	1792	36	203
28	1792	37	209
28	1792	38	203
28	1792	39	204
28	1792	40	203
29	1856	1	192
29	1856	2	201
29	1856	3	213
29	1856	4	197
29	1856	5	209
29	1856	6	202
29	1856	7	205
29	1856	8	196
29	1856	9	206
29	1856	10	205
29	1856	11	193
29	1856	12	196
29	1856	13	200
29	1856	14	206
29	1856	15	201
29	1856	16	200
29	1856	17	199
29	1856	18	200
29	1856	19	202
29	1856	20	206
29	1856	21	197
29	1856	22	197
29	1856	23	202
29	1856	24	189
29	1856	25	209
29	1856	26	197
29	1856	27	195
29	1856	28	199
29	1856	29	200
29	1856	30	209
29	1856	31	203
29	1856	32	201
29	1856	33	200
29	1856	34	206
29	1856	35	199
29	1856	36	203
29	1856	37	205
29	1856	38	194
29	1856	39	196
29	1856	40	200
30	1920	1	201
30	1920	2	199
30	1920	3	201
30	1920	4	201
30	1920	5	203
30	1920	6	202
30	1920	7	197
30	1920	8	204
30	1920	9	199
30	1920	10	196
30	1920	11	196
30	1920	12	193
30	1920	13	209
30	1920	14	203
30	1920	15	202
30	1920	16	197
30	1920	17	199
30	1920	18	200
30	1920	19	203
30	1920	20	197
30	1920	21	207
30	1920	22	202
30	1920	23	195
30	1920	24	200
30	1920	25	195
30	1920	26	195
30	1920	27	203
30	1920	28	195
30	1920	29	207
30	1920	30	203
30	1920	31	198
30	1920	32	203
30	1920	33	201
30	1920	34	200
30	1920	35	193
30	1920	36	196
30	1920	37	203
30	1920	38	208
30	1920	39	203
30	1920	40	201
31	1984	1	209
31	1984	2	203
31	1984	3	203
31	1984	4	200
31	1984	5	204
31	1984	6	202
31	1984	7	196
31	1984	8	193
31	1984	9	208
31	1984	10	207
31	1984	11	210
31	1984	12	195
31	1984	13	201
31	1984	14	204
31	1984	15	197
31	1984	16	199
31	1984	17	198
31	1984	18	205
31	1984	19	191
31	1984	20	190
31	1984	21	200
31	1984	22	204
31	1984	23	195
31	1984	24	201
31	1984	25	207
31	1984	26	210
31	1984	27	206
31	1984	28	208
31	1984	29	198
31	1984	30	201
31	1984	31	196
31	1984	32	203
31	1984	33	202
31	1984	34	191
31	1984	35	200
31	1984	36	198
31	1984	37	206
31	1984	38	204
31	1984	39	205
31	1984	40	203
32	2048	1	198
32	2048	2	201
32	2048	3	199
32	2048	4	196
32	2048	5	196
32	2048	6	199
32	2048	7	201
32	2048	8	194
32	2048	9	195
32	2048	10	194
32	2048	11	205
32	2048	12	206
32	2048	13	203
32	2048	14	202
32	2048	15	205
32	2048	16	207
32	2048	17	197
32	2048	18	193
32	2048	19	203
32	2048	20	203
32	2048	21	206
32	2048	22	202
32	2048	23	200
32	2048	24	206
32	2048	25	200
32	2048	26	200
32	2048	27	196
32	2048	28	197
32	2048	29	208
32	2048	30	204
32	2048	31	196
32	2048	32	194
32	2048	33	199
32	2048	34	206
32	2048	35	193
32	2048	36	201
32	2048	37	209
32	2048	38	204
32	2048	39	204
32	2048	40	199
33	2112	1	197
33	2112	2	200
33	2112	3	196
33	2112	4	204
33	2112	5	204
33	2112	6	204
33	2112	7	206
33	2112	8	196
33	2112	9	199
33	2112	10	206
33	2112	11	201
33	2112	12	193
33	2112	13	200
33	2112	14	196
33	2112	15	196
33	2112	16	200
33	2112	17	200
33	2112	18	206
33	2112	19	199
33	2112	20	202
33	2112	21	203
33	2112	22	204
33	2112	23	206
33	2112	24	199
33	2112	25	201
33	2112	26	199
33	2112	27	205
33	2112	28	200
33	2112	29	198
33	2112	30	203
33	2112	31	199
33	2112	32	208
33	2112	33	202
33	2112	34	204
33	2112	35	196
33	2112	36	206
33	2112	37	210
33	2112	38	207
33	2112	39	206
33	2112	40	206
34	2176	1	199
34	2176	2	208
34	2176	3	205
34	2176	4	204
34	2176	5	201
34	2176	6	193
34	2176	7	204
34	2176	8	203
34	2176	9	188
34	2176	10	202
34	2176	11	208
34	2176	12	199
34	2176	13	199
34	2176	14	196
34	2176	15	199
34	2176	16	204
34	2176	17	202
34	2176	18	203
34	2176	19	206
34	2176	20	193
34	2176	21	200
34	2176	22	198
34	2176	23	197
34	2176	24	197
34	2176	25	207
34	2176	26	200
34	2176	27	210
34	2176	28	196
34	2176	29	209
34	2176	30	205
34	2176	31	196
34	2176	32	205
34	2176	33	199
34	2176	34	208
34	2176	35	206
34	2176	36	198
34	2176	37	196
34	2176	38	200
34	2176	39	198
34	2176	40	202
35	2240	1	196
35	2240	2	207
35	2240	3	201
35	2240	4	200
35	2240	5	207
35	2240	6	196
35	2240	7	200
35	2240	8	205
35	2240	9	203
35	2240	10	202
35	2240	11	205
35	2240	12	199
35	2240	13	203
35	2240	14	202
35	2240	15	206
35	2240	16	201
35	2240	17	199
35	2240	18	200
35	2240	19	196
35	2240	20	194
35	2240	21	205
35	2240	22	198
35	2240	23	211
35	2240	24	204
35	2240	25	333
35	2240	26	203
35	2240	27	198
35	2240	28	204
35	2240	29	194
35	2240	30	198
35	2240	31	200
35	2240	32	212
35	2240	33	204
35	2240	34	206
35	2240	35	203
35	2240	36	205
35	2240	37	197
35	2240	38	199
35	2240	39	194
35	2240	40	201
36	2304	1	194
36	2304	2	203
36	2304	3	199
36	2304	4	203
36	2304	5	206
36	2304	6	201
36	2304	7	208
36	2304	8	196
36	2304	9	213
36	2304	10	195
36	2304	11	203
36	2304	12	207
36	2304	13	207
36	2304	14	190
36	2304	15	207
36	2304	16	208
36	2304	17	203
36	2304	18	211
36	2304	19	199
36	2304	20	202
36	2304	21	206
36	2304	22	202
36	2304	23	199
36	2304	24	194
36	2304	25	209
36	2304	26	199
36	2304	27	193
36	2304	28	200
36	2304	29	205
36	2304	30	196
36	2304	31	200
36	2304	32	200
36	2304	33	210
36	2304	34	198
36	2304	35	193
36	2304	36	205
36	2304	37	199
36	2304	38	192
36	2304	39	205
36	2304	40	203
37	2368	1	203
37	2368	2	197
37	2368	3	200
37	2368	4	206
37	2368	5	203
37	2368	6	195
37	2368	7	205
37	2368	8	201
37	2368	9	202
37	2368	10	212
37	2368	11	210
37	2368	12	194
37	2368	13	204
37	2368	14	200
37	2368	15	194
37	2368	16	198
37	2368	17	206
37	2368	18	203
37	2368	19	199
37	2368	20	206
37	2368	21	206
37	2368	22	196
37	2368	23	202
37	2368	24	196
37	2368	25	200
37	2368	26	200
37	2368	27	348
37	2368	28	196
37	2368	29	201
37	2368	30	205
37	2368	31	203
37	2368	32	204
37	2368	33	213
37	2368	34	202
37	2368	35	199
37	2368	36	202
37	2368	37	203
37	2368	38	201
37	2368	39	203
37	2368	40	200
38	2432	1	210
38	2432	2	201
38	2432	3	203
38	2432	4	197
38	2432	5	197
38	2432	6	201
38	2432	7	207
38	2432	8	203
38	2432	9	216
38	2432	10	201
38	2432	11	199
38	2432	12	196
38	2432	13	198
38	2432	14	213
38	2432	15	195
38	2432	16	192
38	2432	17	209
38	2432	18	202
38	2432	19	214
38	2432	20	203
38	2432	21	190
38	2432	22	216
38	2432	23	196
38	2432	24	196
38	2432	25	194
38	2432	26	195
38	2432	27	195
38	2432	28	196
38	2432	29	195
38	2432	30	202
38	2432	31	197
38	2432	32	207
38	2432	33	201
38	2432	34	202
38	2432	35	194
38	2432	36	200
38	2432	37	196
38	2432	38	203
38	2432	39	198
38	2432	40	200
39	2496	1	197
39	2496	2	199
39	2496	3	209
39	2496	4	206
39	2496	5	198
39	2496	6	195
39	2496	7	206
39	2496	8	196
39	2496	9	198
39	2496	10	200
39	2496	11	199
39	2496	12	207
39	2496	13	196
39	2496	14	201
39	2496	15	200
39	2496	16	199
39	2496	17	206
39	2496	18	196
39	2496	19	204
39	2496	20	195
39	2496	21	208
39	2496	22	197
39	2496	23	206
39	2496	24	194
39	2496	25	202
39	2496	26	208
39	2496	27	192
39	2496	28	209
39	2496	29	193
39	2496	30	202
39	2496	31	201
39	2496	32	197
39	2496	33	201
39	2496	34	195
39	2496	35	213
39	2496	36	199
39	2496	37	207
39	2496	38	198
39	2496	39	200
39	2496	40	198
40	2560	1	199
40	2560	2	201
40	2560	3	197
40	2560	4	206
40	2560	5	203
40	2560	6	202
40	2560	7	201
40	2560	8	203
40	2560	9	205
40	2560	10	196
40	2560	11	199
40	2560	12	198
40	2560	13	200
40	2560	14	200
40	2560	15	198
40	2560	16	203
40	2560	17	197
40	2560	18	201
40	2560	19	202
40	2560	20	194
40	2560	21	195
40	2560	22	206
40	2560	23	196
40	2560	24	194
40	2560	25	203
40	2560	26	202
40	2560	27	201
40	2560	28	345
40	2560	29	199
40	2560	30	201
40	2560	31	201
40	2560	32	206
40	2560	33	199
40	2560	34	197
40	2560	35	196
40	2560	36	195
40	2560	37	203
40	2560	38	206
40	2560	39	209
40	2560	40	196
41	2624	1	196
41	2624	2	199
41	2624	3	200
41	2624	4	206
41	2624	5	199
41	2624	6	209
41	2624	7	200
41	2624	8	195
41	2624	9	197
41	2624	10	199
41	2624	11	202
41	2624	12	200
41	2624	13	206
41	2624	14	193
41	2624	15	207
41	2624	16	193
41	2624	17	205
41	2624	18	204
41	2624	19	201
41	2624	20	203
41	2624	21	199
41	2624	22	212
41	2624	23	202
41	2624	24	203
41	2624	25	200
41	2624	26	202
41	2624	27	201
41	2624	28	198
41	2624	29	201
41	2624	30	199
41	2624	31	203
41	2624	32	204
41	2624	33	204
41	2624	34	202
41	2624	35	205
41	2624	36	213
41	2624	37	201
41	2624	38	205
41	2624	39	204
41	2624	40	203
42	2688	1	203
42	2688	2	210
42	2688	3	196
42	2688	4	195
42	2688	5	197
42	2688	6	200
42	2688	7	206
42	2688	8	202
42	2688	9	200
42	2688	10	200
42	2688	11	198
42	2688	12	198
42	2688	13	209
42	2688	14	196
42	2688	15	203
42	2688	16	200
42	2688	17	208
42	2688	18	200
42	2688	19	203
42	2688	20	206
42	2688	21	204
42	2688	22	198
42	2688	23	206
42	2688	24	204
42	2688	25	201
42	2688	26	212
42	2688	27	200
42	2688	28	199
42	2688	29	204
42	2688	30	203
42	2688	31	206
42	2688	32	196
42	2688	33	194
42	2688	34	210
42	2688	35	198
42	2688	36	197
42	2688	37	198
42	2688	38	196
42	2688	39	200
42	2688	40	198
43	2752	1	193
43	2752	2	214
43	2752	3	198
43	2752	4	201
43	2752	5	216
43	2752	6	202
43	2752	7	203
43	2752	8	200
43	2752	9	208
43	2752	10	212
43	2752	11	193
43	2752	12	208
43	2752	13	203
43	2752	14	206
43	2752	15	202
43	2752	16	196
43	2752	17	198
43	2752	18	210
43	2752	19	206
43	2752	20	198
43	2752	21	207
43	2752	22	207
43	2752	23	203
43	2752	24	196
43	2752	25	202
43	2752	26	205
43	2752	27	204
43	2752	28	213
43	2752	29	207
43	2752	30	199
43	2752	31	207
43	2752	32	200
43	2752	33	197
43	2752	34	203
43	2752	35	198
43	2752	36	201
43	2752	37	209
43	2752	38	204
43	2752	39	194
43	2752	40	205
44	2816	1	205
44	2816	2	189
44	2816	3	207
44	2816	4	202
44	2816	5	193
44	2816	6	206
44	2816	7	201
44	2816	8	203
44	2816	9	199
44	2816	10	196
44	2816	11	209
44	2816	12	200
44	2816	13	207
44	2816	14	203
44	2816	15	206
44	2816	16	203
44	2816	17	200
44	2816	18	203
44	2816	19	209
44	2816	20	196
44	2816	21	202
44	2816	22	201
44	2816	23	203
44	2816	24	202
44	2816	25	200
44	2816	26	199
44	2816	27	203
44	2816	28	208
44	2816	29	193
44	2816	30	202
44	2816	31	203
44	2816	32	201
44	2816	33	200
44	2816	34	199
44	2816	35	201
44	2816	36	202
44	2816	37	200
44	2816	38	198
44	2816	39	200
44	2816	40	202
45	2880	1	207
45	2880	2	193
45	2880	3	206
45	2880	4	215
45	2880	5	203
45	2880	6	199
45	2880	7	200
45	2880	8	194
45	2880	9	206
45	2880	10	205
45	2880	11	193
45	2880	12	197
45	2880	13	201
45	2880	14	211
45	2880	15	202
45	2880	16	196
45	2880	17	201
45	2880	18	201
45	2880	19	213
45	2880	20	210
45	2880	21	203
45	2880	22	206
45	2880	23	200
45	2880	24	196
45	2880	25	204
45	2880	26	199
45	2880	27	199
45	2880	28	198
45	2880	29	200
45	2880	30	210
45	2880	31	205
45	2880	32	195
45	2880	33	197
45	2880	34	196
45	2880	35	213
45	2880	36	211
45	2880	37	202
45	2880	38	205
45	2880	39	195
45	2880	40	198
46	2944	1	202
46	2944	2	203
46	2944	3	195
46	2944	4	199
46	2944	5	202
46	2944	6	204
46	2944	7	200
46	2944	8	209
46	2944	9	197
46	2944	10	196
46	2944	11	193
46	2944	12	205
46	2944	13	213
46	2944	14	200
46	2944	15	206
46	2944	16	194
46	2944	17	199
46	2944	18	193
46	2944	19	205
46	2944	20	200
46	2944	21	210
46	2944	22	200
46	2944	23	201
46	2944	24	198
46	2944	25	196
46	2944	26	206
46	2944	27	203
46	2944	28	198
46	2944	29	212
46	2944	30	200
46	2944	31	198
46	2944	32	193
46	2944	33	203
46	2944	34	196
46	2944	35	201
46	2944	36	203
46	2944	37	203
46	2944	38	209
46	2944	39	203
46	2944	40	194
47	3008	1	199
47	3008	2	205
47	3008	3	198
47	3008	4	207
47	3008	5	203
47	3008	6	206
47	3008	7	201
47	3008	8	200
47	3008	9	206
47	3008	10	209
47	3008	11	203
47	3008	12	206
47	3008	13	201
47	3008	14	196
47	3008	15	197
47	3008	16	200
47	3008	17	201
47	3008	18	190
47	3008	19	190
47	3008	20	196
47	3008	21	194
47	3008	22	203
47	3008	23	199
47	3008	24	201
47	3008	25	203
47	3008	26	206
47	3008	27	206
47	3008	28	203
47	3008	29	203
47	3008	30	204
47	3008	31	193
47	3008	32	195
47	3008	33	196
47	3008	34	196
47	3008	35	199
47	3008	36	199
47	3008	37	201
47	3008	38	202
47	3008	39	203
47	3008	40	203
48	3072	1	197
48	3072	2	206
48	3072	3	199
48	3072	4	202
48	3072	5	206
48	3072	6	205
48	3072	7	203
48	3072	8	197
48	3072	9	499
48	3072	10	208
48	3072	11	202
48	3072	12	194
48	3072	13	206
48	3072	14	193
48	3072	15	199
48	3072	16	203
48	3072	17	196
48	3072	18	205
48	3072	19	204
48	3072	20	204
48	3072	21	199
48	3072	22	200
48	3072	23	198
48	3072	24	204
48	3072	25	200
48	3072	26	200
48	3072	27	202
48	3072	28	200
48	3072	29	199
48	3072	30	200
48	3072	31	198
48	3072	32	210
48	3072	33	197
48	3072	34	206
48	3072	35	212
48	3072	36	207
48	3072	37	194
48	3072	38	202
48	3072	39	202
48	3072	40	204
49	3136	1	200
49	3136	2	199
49	3136	3	201
49	3136	4	202
49	3136	5	210
49	3136	6	207
49	3136	7	212
49	3136	8	193
49	3136	9	195
49	3136	10	206
49	3136	11	195
49	3136	12	196
49	3136	13	203
49	3136	14	201
49	3136	15	206
49	3136	16	204
49	3136	17	197
49	3136	18	202
49	3136	19	198
49	3136	20	208
49	3136	21	207
49	3136	22	206
49	3136	23	203
49	3136	24	201
49	3136	25	206
49	3136	26	197
49	3136	27	205
49	3136	28	200
49	3136	29	196
49	3136	30	200
49	3136	31	196
49	3136	32	199
49	3136	33	201
49	3136	34	193
49	3136	35	200
49	3136	36	206
49	3136	37	202
49	3136	38	199
49	3136	39	206
49	3136	40	209
50	3200	1	200
50	3200	2	207
50	3200	3	211
50	3200	4	198
50	3200	5	202
50	3200	6	198
50	3200	7	200
50	3200	8	202
50	3200	9	209
50	3200	10	205
50	3200	11	205
50	3200	12	200
50	3200	13	200
50	3200	14	193
50	3200	15	200
50	3200	16	206
50	3200	17	201
50	3200	18	208
50	3200	19	204
50	3200	20	196
50	3200	21	200
50	3200	22	205
50	3200	23	207
50	3200	24	201
50	3200	25	209
50	3200	26	206
50	3200	27	205
50	3200	28	199
50	3200	29	203
50	3200	30	200
50	3200	31	200
50	3200	32	203
50	3200	33	201
50	3200	34	210
50	3200	35	196
50	3200	36	195
50	3200	37	194
50	3200	38	203
50	3200	39	202
50	3200	40	196
51	3264	1	199
51	3264	2	206
51	3264	3	206
51	3264	4	195
51	3264	5	207
51	3264	6	201
51	3264	7	208
51	3264	8	199
51	3264	9	203
51	3264	10	196
51	3264	11	205
51	3264	12	194
51	3264	13	200
51	3264	14	200
51	3264	15	196
51	3264	16	193
51	3264	17	208
51	3264	18	202
51	3264	19	197
51	3264	20	195
51	3264	21	199
51	3264	22	207
51	3264	23	202
51	3264	24	200
51	3264	25	201
51	3264	26	203
51	3264	27	200
51	3264	28	193
51	3264	29	212
51	3264	30	196
51	3264	31	201
51	3264	32	191
51	3264	33	203
51	3264	34	203
51	3264	35	203
51	3264	36	200
51	3264	37	198
51	3264	38	210
51	3264	39	206
51	3264	40	200
52	3328	1	209
52	3328	2	201
52	3328	3	202
52	3328	4	209
52	3328	5	212
52	3328	6	196
52	3328	7	193
52	3328	8	210
52	3328	9	203
52	3328	10	197
52	3328	11	197
52	3328	12	198
52	3328	13	206
52	3328	14	195
52	3328	15	207
52	3328	16	205
52	3328	17	206
52	3328	18	198
52	3328	19	206
52	3328	20	200
52	3328	21	203
52	3328	22	202
52	3328	23	200
52	3328	24	201
52	3328	25	203
52	3328	26	205
52	3328	27	199
52	3328	28	200
52	3328	29	210
52	3328	30	197
52	3328	31	202
52	3328	32	193
52	3328	33	201
52	3328	34	206
52	3328	35	203
52	3328	36	202
52	3328	37	206
52	3328	38	195
52	3328	39	200
52	3328	40	207
53	3392	1	200
53	3392	2	203
53	3392	3	209
53	3392	4	203
53	3392	5	200
53	3392	6	323
53	3392	7	196
53	3392	8	202
53	3392	9	196
53	3392	10	196
53	3392	11	205
53	3392	12	203
53	3392	13	199
53	3392	14	202
53	3392	15	204
53	3392	16	203
53	3392	17	211
53	3392	18	198
53	3392	19	199
53	3392	20	211
53	3392	21	198
53	3392	22	200
53	3392	23	201
53	3392	24	200
53	3392	25	199
53	3392	26	204
53	3392	27	206
53	3392	28	206
53	3392	29	204
53	3392	30	203
53	3392	31	209
53	3392	32	200
53	3392	33	206
53	3392	34	199
53	3392	35	203
53	3392	36	205
53	3392	37	193
53	3392	38	201
53	3392	39	200
53	3392	40	200
54	3456	1	206
54	3456	2	202
54	3456	3	200
54	3456	4	198
54	3456	5	200
54	3456	6	212
54	3456	7	196
54	3456	8	201
54	3456	9	201
54	3456	10	201
54	3456	11	201
54	3456	12	199
54	3456	13	195
54	3456	14	206
54	3456	15	192
54	3456	16	194
54	3456	17	212
54	3456	18	199
54	3456	19	198
54	3456	20	202
54	3456	21	196
54	3456	22	213
54	3456	23	196
54	3456	24	199
54	3456	25	205
54	3456	26	195
54	3456	27	193
54	3456	28	204
54	3456	29	200
54	3456	30	213
54	3456	31	193
54	3456	32	204
54	3456	33	209
54	3456	34	190
54	3456	35	199
54	3456	36	205
54	3456	37	201
54	3456	38	204
54	3456	39	197
54	3456	40	203
55	3520	1	201
55	3520	2	200
55	3520	3	205
55	3520	4	203
55	3520	5	195
55	3520	6	197
55	3520	7	207
55	3520	8	200
55	3520	9	194
55	3520	10	207
55	3520	11	196
55	3520	12	208
55	3520	13	204
55	3520	14	199
55	3520	15	198
55	3520	16	198
55	3520	17	204
55	3520	18	207
55	3520	19	203
55	3520	20	199
55	3520	21	205
55	3520	22	200
55	3520	23	206
55	3520	24	199
55	3520	25	201
55	3520	26	209
55	3520	27	198
55	3520	28	213
55	3520	29	204
55	3520	30	200
55	3520	31	206
55	3520	32	206
55	3520	33	211
55	3520	34	203
55	3520	35	205
55	3520	36	196
55	3520	37	199
55	3520	38	199
55	3520	39	196
55	3520	40	193
56	3584	1	199
56	3584	2	193
56	3584	3	199
56	3584	4	200
56	3584	5	198
56	3584	6	203
56	3584	7	196
56	3584	8	201
56	3584	9	204
56	3584	10	200
56	3584	11	195
56	3584	12	196
56	3584	13	200
56	3584	14	197
56	3584	15	200
56	3584	16	199
56	3584	17	196
56	3584	18	206
56	3584	19	200
56	3584	20	202
56	3584	21	201
56	3584	22	202
56	3584	23	198
56	3584	24	201
56	3584	25	204
56	3584	26	203
56	3584	27	196
56	3584	28	204
56	3584	29	197
56	3584	30	207
56	3584	31	201
56	3584	32	207
56	3584	33	198
56	3584	34	199
56	3584	35	194
56	3584	36	203
56	3584	37	201
56	3584	38	212
56	3584	39	193
56	3584	40	200
57	3648	1	193
57	3648	2	206
57	3648	3	193
57	3648	4	206
57	3648	5	194
57	3648	6	206
57	3648	7	196
57	3648	8	196
57	3648	9	202
57	3648	10	206
57	3648	11	200
57	3648	12	202
57	3648	13	207
57	3648	14	209
57	3648	15	206
57	3648	16	201
57	3648	17	196
57	3648	18	203
57	3648	19	193
57	3648	20	209
57	3648	21	196
57	3648	22	207
57	3648	23	211
57	3648	24	196
57	3648	25	196
57	3648	26	196
57	3648	27	199
57	3648	28	196
57	3648	29	207
57	3648	30	193
57	3648	31	205
57	3648	32	203
57	3648	33	200
57	3648	34	204
57	3648	35	195
57	3648	36	204
57	3648	37	206
57	3648	38	201
57	3648	39	196
57	3648	40	213
58	3712	1	207
58	3712	2	209
58	3712	3	199
58	3712	4	196
58	3712	5	203
58	3712	6	207
58	3712	7	206
58	3712	8	196
58	3712	9	199
58	3712	10	210
58	3712	11	203
58	3712	12	203
58	3712	13	208
58	3712	14	196
58	3712	15	199
58	3712	16	203
58	3712	17	200
58	3712	18	199
58	3712	19	210
58	3712	20	206
58	3712	21	200
58	3712	22	195
58	3712	23	206
58	3712	24	200
58	3712	25	208
58	3712	26	206
58	3712	27	200
58	3712	28	206
58	3712	29	201
58	3712	30	193
58	3712	31	209
58	3712	32	206
58	3712	33	202
58	3712	34	208
58	3712	35	205
58	3712	36	199
58	3712	37	205
58	3712	38	204
58	3712	39	358
58	3712	40	200
59	3776	1	203
59	3776	2	203
59	3776	3	205
59	3776	4	197
59	3776	5	208
59	3776	6	206
59	3776	7	196
59	3776	8	200
59	3776	9	202
59	3776	10	196
59	3776	11	198
59	3776	12	197
59	3776	13	197
59	3776	14	196
59	3776	15	209
59	3776	16	198
59	3776	17	203
59	3776	18	206
59	3776	19	205
59	3776	20	199
59	3776	21	207
59	3776	22	208
59	3776	23	201
59	3776	24	200
59	3776	25	205
59	3776	26	201
59	3776	27	209
59	3776	28	201
59	3776	29	198
59	3776	30	201
59	3776	31	200
59	3776	32	196
59	3776	33	203
59	3776	34	210
59	3776	35	196
59	3776	36	200
59	3776	37	206
59	3776	38	205
59	3776	39	204
59	3776	40	204
60	3840	1	195
60	3840	2	197
60	3840	3	203
60	3840	4	206
60	3840	5	194
60	3840	6	200
60	3840	7	209
60	3840	8	195
60	3840	9	196
60	3840	10	200
60	3840	11	202
60	3840	12	206
60	3840	13	200
60	3840	14	196
60	3840	15	204
60	3840	16	201
60	3840	17	193
60	3840	18	209
60	3840	19	201
60	3840	20	206
60	3840	21	200
60	3840	22	197
60	3840	23	200
60	3840	24	202
60	3840	25	197
60	3840	26	199
60	3840	27	204
60	3840	28	206
60	3840	29	205
60	3840	30	199
60	3840	31	206
60	3840	32	200
60	3840	33	194
60	3840	34	195
60	3840	35	213
60	3840	36	205
60	3840	37	199
60	3840	38	210
60	3840	39	204
60	3840	40	202
61	3904	1	196
61	3904	2	195
61	3904	3	209
61	3904	4	200
61	3904	5	200
61	3904	6	198
61	3904	7	200
61	3904	8	193
61	3904	9	209
61	3904	10	209
61	3904	11	202
61	3904	12	200
61	3904	13	203
61	3904	14	207
61	3904	15	203
61	3904	16	200
61	3904	17	201
61	3904	18	202
61	3904	19	210
61	3904	20	206
61	3904	21	203
61	3904	22	194
61	3904	23	202
61	3904	24	194
61	3904	25	203
61	3904	26	203
61	3904	27	199
61	3904	28	206
61	3904	29	199
61	3904	30	363
61	3904	31	199
61	3904	32	203
61	3904	33	206
61	3904	34	197
61	3904	35	206
61	3904	36	203
61	3904	37	201
61	3904	38	203
61	3904	39	198
61	3904	40	201
62	3968	1	197
62	3968	2	200
62	3968	3	209
62	3968	4	200
62	3968	5	205
62	3968	6	206
62	3968	7	208
62	3968	8	207
62	3968	9	200
62	3968	10	204
62	3968	11	203
62	3968	12	200
62	3968	13	206
62	3968	14	207
62	3968	15	205
62	3968	16	203
62	3968	17	200
62	3968	18	201
62	3968	19	197
62	3968	20	201
62	3968	21	206
62	3968	22	208
62	3968	23	206
62	3968	24	207
62	3968	25	203
62	3968	26	199
62	3968	27	199
62	3968	28	197
62	3968	29	206
62	3968	30	211
62	3968	31	204
62	3968	32	207
62	3968	33	193
62	3968	34	206
62	3968	35	206
62	3968	36	205
62	3968	37	208
62	3968	38	216
62	3968	39	205
62	3968	40	205
63	4032	1	198
63	4032	2	197
63	4032	3	196
63	4032	4	206
63	4032	5	202
63	4032	6	199
63	4032	7	206
63	4032	8	199
63	4032	9	205
63	4032	10	204
63	4032	11	207
63	4032	12	203
63	4032	13	196
63	4032	14	204
63	4032	15	201
63	4032	16	199
63	4032	17	204
63	4032	18	196
63	4032	19	200
63	4032	20	199
63	4032	21	205
63	4032	22	200
63	4032	23	199
63	4032	24	203
63	4032	25	209
63	4032	26	203
63	4032	27	210
63	4032	28	207
63	4032	29	201
63	4032	30	202
63	4032	31	207
63	4032	32	203
63	4032	33	200
63	4032	34	197
63	4032	35	195
63	4032	36	206
63	4032	37	199
63	4032	38	202
63	4032	39	203
63	4032	40	200
64	4096	1	211
64	4096	2	206
64	4096	3	203
64	4096	4	212
64	4096	5	212
64	4096	6	206
64	4096	7	200
64	4096	8	206
64	4096	9	209
64	4096	10	199
64	4096	11	199
64	4096	12	202
64	4096	13	206
64	4096	14	200
64	4096	15	200
64	4096	16	198
64	4096	17	206
64	4096	18	197
64	4096	19	201
64	4096	20	202
64	4096	21	201
64	4096	22	197
64	4096	23	199
64	4096	24	204
64	4096	25	207
64	4096	26	202
64	4096	27	195
64	4096	28	199
64	4096	29	199
64	4096	30	196
64	4096	31	211
64	4096	32	196
64	4096	33	198
64	4096	34	193
64	4096	35	208
64	4096	36	207
64	4096	37	207
64	4096	38	198
64	4096	39	202
64	4096	40	199
